item,itemLabel,startDate,endDate,psid
Q19661076,Aziz A Munshi,1999-11-02,2001-09-24,Q19661076-FF6069AD-9EC2-40EF-B4DD-A900584028C0
Q15070125,Makhdoom Ali Khan,2001-09-21,2007-08-01,Q15070125-9E7AC149-3E31-4904-AF6E-1C6A8CA5CF19
Q6743595,Malik Mohammad Qayyum,2007-08-01,2008-08-19,Q6743595-50a0e6df-436f-ec01-13d7-0039df536b93
Q2621764,Latif Khosa,2008-08-21,2009-10-11,Q2621764-fd82aaeb-4458-195b-685b-617a96f392ed
Q110855008,Anwar Mansoor Khan,2009-12-24,2010-04-04,Q110855008-988FCBFC-CAB5-4BFE-BBE7-90F973BC4490
Q1911114,Maulvi Anwarul Haq,2010-04-21,2012-04-12,Q1911114-0F5C9982-6B75-418E-9F5D-1B0A875486BF
Q110855023,Irfan Qadir,2012-04-12,2013-06-07,Q110855023-CFFB3243-73CE-4D0E-A03A-B97BC406C2DC
Q6936643,Munir A. Malik,2013-06-07,2014-01-14,Q6936643-170543B2-D3D2-4276-A1E4-2976EB83897C
Q97427145,Salman Aslam Butt,2014-01-16,2016-03-28,Q97427145-B0586129-32C9-43BB-A23E-7880C92ACEB2
Q4805948,Ashtar Ausaf Ali,2016-03-29,2018-06-21,Q4805948-F3246014-A0C2-4299-8259-CC1F45F72A8C
Q55138520,Khalid Jawed Khan,2018-06-22,2018-08-17,Q55138520-DB5109DB-B15A-49F5-9354-F619ED1B5E60
Q110855008,Anwar Mansoor Khan,2018-08-18,2020-02-20,Q110855008-46A08163-0284-46CE-B89F-7FE58BEA694E
Q55138520,Khalid Jawed Khan,2020-02-22,2022-04-10,Q55138520-2FDF899E-1B48-49F5-BA45-EADD3D1862EB
Q4805948,Ashtar Ausaf Ali,2022-05-08,,Q4805948-A70E5B08-6CF3-4AB1-99E0-09C3B80FCF4E
